HealthStone(S),健康石(S)
HealthStone(男),健康石(M)
HealthStone(L),健康石(L)
HealthStone(XL),健康石(XL)
HealthStone,健康石
MagicStone(S),魔法石(S)
MagicStone(男),魔法石(M)
MagicStone(L),魔法石(L)
MagicStone(XL),魔法石(XL)
MagicStone,魔法石
PowerStone(S),动力石(S)
PowerStone(男),动力石(M)
PowerStone(L),动力石(L)
PowerStone(XL),动力石(XL)
PowerStone,动力石
DCStone(S),DC攻击石(S)
DCStone(男),DC攻击石(M)
DCStone(L),DC攻击石(L)
DCStone(XL),DC攻击石(XL)
DCStone,DC攻击石
MCStone(S),MC石(S)
MCStone(男),MC石(M)
MCStone(L),MC石(L)
MCStone(XL),MC石(XL)
MCStone,MC石
SCStone(S),SC石(S)
SCStone(男),SC石(M)
SCStone(L),SC石(L)
SCStone(XL),SC石(XL)
SCStone,SC石
FrozenStone,冰冻石
