MirArmour,铠甲
MirArmour,盔甲
TarragonArmour,龙蒿甲
TarragonArmour,龙蒿甲
RaidersArmour,突击者护甲
RaidersArmour,突击队员装甲
布衣,布衣
布衣,布衣
轻甲,轻甲
轻甲,轻甲
MediumArmour,中型护甲
MediumArmour,中型护甲
HeavyArmour,重装甲
HeavyArmour,重装甲
MagicRobe,魔法之袍
MagicRobe,魔法之袍
SoulArmour,灵魂护甲
SoulArmour,灵魂护甲
RelicArmour,遗迹盔甲
RelicArmour,遗迹盔甲
LightLeatherArmour,轻质皮甲
LightLeatherArmour,轻质皮甲
IronArmour,铁甲
IronArmour,铁甲
WizardRobe,巫师之袍
WitchRobe,巫师袍
PearlArmour,珍珠盔甲
PearlArmour,珍珠盔甲
AncientArmour,古代盔甲
AncientArmour,古代盔甲
TemperedArmour,钢化盔甲
TemperedArmour,钢化盔甲
SteelArmour,钢制盔甲
SteelArmour,钢制盔甲
DragonRobe,龙袍
DragonRobe,龙袍
TitanArmour,泰坦巨人盔甲
TitanArmour,泰坦巨人盔甲
RoyalArmour,皇家盔甲
RoyalArmour,皇家盔甲
StuddedArmour,铆钉盔甲
StuddedArmour,铆钉盔甲
BlackTigerArmour,黑虎盔甲
BlackTigerArmour,黑虎盔甲
LotusArmour,莲花盔甲
LotusArmour,莲花盔甲
CraneArmour,仙鹤盔甲
CraneArmour,仙鹤盔甲
StealthArmour,隐形盔甲
StealthArmour,隐形盔甲
LightTemperedArmour,轻质护甲
LightTemperedArmour,轻质护甲
BlueDarkArmour,蓝色深色护甲
BlueDarkArmour,蓝色深色护甲
RedDarkArmour,红色黑暗盔甲
RedDarkArmour,红色黑暗盔甲
GreenDarkArmour,绿色深色护甲
GreenDarkArmour,绿色深色护甲
GoldDarkArmour,金色深色护甲
GoldDarkArmour,金色深色护甲
ScaledArmour,鳞甲
CrystalArmour,水晶盔甲
CrystalArmour,水晶盔甲
HeavenArmour,天堂之铠
HeavenArmour,天堂之铠
OmaKingRobe,沃玛王袍
OmaKingRobe,奥马王袍
