SpiritHelmet,精神头盔
RecallHelmet,召回头盔
MirHelmet,米尔头盔
MysteryHelmet,神秘头盔
TarragonHelmet,蒿草头盔
RaidersHelmet,突击者头盔
SparklingHelmet,闪亮的头盔
HelmetOfDarkness,黑暗头盔
CheongboHelmet(WAR),清波头盔(WAR)
CheongboHelmet(WIZ),清波头盔(WIZ)
CheongboHelmet(TAO),清波头盔(TAO)
CheongboHelmet(ASSA),清波头盔(ASSA)
CheongboHelmet(ARCH),清波头盔(ARCH)
BrassHelmet,黄铜头盔
GoldenTiara,金色蒂亚拉
SkeletonHelmet,骷髅头盔
ShamanHelmet,萨满头盔
SteelHelmet,钢铁头盔
HelmetOfHero,英雄头盔
BlackIronHelmet,黑铁头盔
GreatHelmet,伟大的头盔
WisdomCoronet,智慧头盔
TaoCoronet,道冠
RoyalHelmet,皇家头盔
HelmetOfKings,国王头盔
HelmetOfSorcery,巫术头盔
PurifiedMask,净化面具
DemonShadow,恶魔之影
